{
  "config": {
    "abort": {
      "forgot_password": "The Forgot Password page was detected. This normally is the result of too may failed logins. Amazon may require action before a relogin can be attempted.",
      "login_failed": "Alexa Media Player failed to login.",
      "reauth_successful": "Alexa Media Player successfully reauthenticated."
    },
    "error": {
      "2fa_key_invalid": "Invalid Built-In 2FA key",
      "connection_error": "Errore durante la connessione; controlla la rete e riprova",
      "hass_url_invalid": "Impossibile collegarsi ad Home Assistant. Controllare l'URL esterno nel menu Configurazione -> Generale",
      "identifier_exists": "L'Email per l'URL di Alexa è già stata registrata",
      "invalid_credentials": "Credenziali non valide",
      "unknown_error": "Errore sconosciuto, si prega di abilitare il debug avanzato e riportare i log informativi"
    },
    "step": {
      "action_required": {
        "data": {
          "proxy": "Usa metodo Proxy per il login (2FA non richiesto)"
        },
        "description": "** {email} - alexa. {url} **   \n Amazon invierà una notifica push per il seguente messaggio. Si prega di rispondere completamente prima di continuare.   \n {message}",
        "title": "Alexa Media Player - Azione Richiesta"
      },
      "authselect": {
        "data": {
          "authselectoption": "Metodo password usa e getta (OTP)",
          "proxy": "Usa metodo Proxy per il login (2FA non richiesto)"
        },
        "description": "**{email} - alexa.{url}**  \n{message}",
        "title": "Alexa Media Player - Password Usa e Getta (One Time Password)"
      },
      "captcha": {
        "data": {
          "captcha": "Captcha",
          "password": "Password",
          "proxy": "Usa metodo Proxy per il login (2FA non richiesto)",
          "securitycode": "config::step::captcha::data::securitycode"
        },
        "description": "**{email} - alexa.{url}**  \n{message}  \n {captcha_image}",
        "title": "Alexa Media Player - Captcha"
      },
      "claimspicker": {
        "data": {
          "authselectoption": "Metodi di Verifica",
          "proxy": "Usa metodo Proxy per il login (2FA non richiesto)"
        },
        "description": "**{email} - alexa.{url}**  \nPrego selezionare un metodo di verifica. (e.g., `0` or `1`)  \n{message}",
        "title": "Alexa Media Player - Metodi di Verifica"
      },
      "totp_register": {
        "data": {
          "registered": "OTP from the Built-in 2FA App Key confirmed successfully."
        },
        "description": "**{email} - alexa.{url}**  \nHave you successfully confirmed an OTP from the Built-in 2FA App Key with Amazon?  \n >OTP Code {message}",
        "title": "Alexa Media Player - OTP Confirmation"
      },
      "twofactor": {
        "data": {
          "proxy": "Usa metodo Proxy per il login (2FA non richiesto)",
          "securitycode": "Codice autenticazione a 2 fattori (2FA)"
        },
        "description": "**{email} - alexa.{url}**  \nInserisci la password usa e getta (OTP).  \n{message}",
        "title": "Alexa Media Player - Autenticazione a Due Fattori"
      },
      "user": {
        "data": {
          "cookies_txt": "Dati cookies.txt",
          "debug": "Debug avanzato",
          "email": "Indirizzo email",
          "exclude_devices": "Dispositivi da escludere (separati da virgola)",
          "hass_url": "Url to access Home Assistant",
          "include_devices": "Dispositivi da includere (separati da virgola)",
          "oauth_login": "Enable oauth-token app method",
          "otp_secret": "Built-in 2FA App Key (automatically generate 2FA Codes)",
          "password": "Password",
          "proxy": "Use Login Proxy method (2FA not required)",
          "scan_interval": "Tempo in secondi fra le scansioni",
          "securitycode": "Codice 2FA (raccomandato per evitare problemi di login)",
          "url": "Regione del dominio Amazon (e.g., amazon.it)"
        },
        "description": "Confermare le informazioni sottostanti. Per le vecchie configurazioni, disabilitare l'opzione `Usa Proxy come metodo di login`.",
        "title": "Alexa Media Player - Configurazione"
      },
      "user_legacy": {
        "data": {
          "cookies_txt": "Dati cookies.txt",
          "debug": "Debug avanzato",
          "email": "Indirizzo email",
          "exclude_devices": "Dispositivi da escludere (separati da virgola)",
          "include_devices": "Dispositivi da includere (separati da virgola)",
          "oauth_login": "Abilitare il metodo oauth-token app",
          "otp_secret": "Chiave 2FA interna (genera automaticamente i codici 2FA)",
          "password": "Password",
          "proxy": "Usa il Proxy come metodo di login (2FA non richiesta)",
          "scan_interval": "Tempo in secondi fra le scansioni",
          "securitycode": "Codice 2FA  (raccomandato per evitare problemi di login)",
          "url": "Regione del dominio Amazon (e.g. amazon.it)"
        },
        "description": "Prego inserisci le tue [informazioni](https://github.com/custom-components/alexa_media_player/wiki/Configuration#integrations-page). **[Cookie import](https://github.com/custom-components/alexa_media_player/wiki/Configuration#cookie-import) potrebbe essere più semplice!**   \n**ATTENZIONE: Amazon risponde incorrettamente 'Inserire una mail valida o un numero di telefono' quando è richiesto il codice 2FA](https://github.com/custom-components/alexa_media_player/wiki/Configuration#enable-two-factor-authentication-for-your-amazon-account).** \n>{message}",
        "title": "Alexa Media Player - Legacy Configuration"
      }
    }
  },
  "options": {
    "step": {
      "init": {
        "data": {
          "extended_entity_discovery": "Includi i dispositivi collegati tramite Echo",
          "queue_delay": "Secondi di attesa per accodare i comandi insieme"
        }
      }
    }
  }
}
