{
  "config": {
    "abort": {
      "forgot_password": "The Forgot Password page was detected. This normally is the result of too may failed logins. Amazon may require action before a relogin can be attempted.",
      "login_failed": "Alexa Media Player failed to login.",
      "reauth_successful": "Alexa Media Player successfully reauthenticated."
    },
    "error": {
      "2fa_key_invalid": "Invalid Built-In 2FA key",
      "connection_error": "Fout bij verbinden; controleer netwerk en probeer opnieuw",
      "hass_url_invalid": "Kan geen verbinding maken met de Home Assistant-URL. Controleer de externe URL onder Configuratie - > Algemeen",
      "identifier_exists": "Dit e-mailadres is reeds geregistreerd",
      "invalid_credentials": "Ongeldige inloggegevens",
      "unknown_error": "Onbekende fout, meld de loggegevens"
    },
    "step": {
      "action_required": {
        "data": {
          "proxy": "Use Login Proxy method (2FA not required)"
        },
        "description": "**{email} - alexa.{url}**  \nAmazon will send a push notification per the below message. Please completely respond before continuing.  \n{message}",
        "title": "Alexa Media Player - Action Required"
      },
      "authselect": {
        "data": {
          "authselectoption": "Eenmalige Pincode",
          "proxy": "Use Login Proxy method (2FA not required)"
        },
        "description": "**{email} - alexa.{url}**  \n{message}",
        "title": "Alexa Media Player - Eenmalige Pincode"
      },
      "captcha": {
        "data": {
          "captcha": "Captcha",
          "password": "Paswoord",
          "proxy": "Use Login Proxy method (2FA not required)",
          "securitycode": "config::step::captcha::data::securitycode"
        },
        "description": "**{email} - alexa.{url}**  \n{message}  \n {captcha_image}",
        "title": "Alexa Media Player - Captcha"
      },
      "claimspicker": {
        "data": {
          "authselectoption": "Verificatiemethode",
          "proxy": "Use Login Proxy method (2FA not required)"
        },
        "description": "**{email} - alexa.{url}**  \nSelecteer de verificatiemethode (bv.`0` of `1`)  \n{message}",
        "title": "Alexa Media Player - Verificatiemethode"
      },
      "totp_register": {
        "data": {
          "registered": "OTP from the Built-in 2FA App Key confirmed successfully."
        },
        "description": "**{email} - alexa.{url}**  \nHave you successfully confirmed an OTP from the Built-in 2FA App Key with Amazon?  \n >OTP Code {message}",
        "title": "Alexa Media Player - OTP Confirmation"
      },
      "twofactor": {
        "data": {
          "proxy": "Use Login Proxy method (2FA not required)",
          "securitycode": "Verificatiecode"
        },
        "description": "**{email} - alexa.{url}**  \nGeef de verificatiecode in.  \n{message}",
        "title": "Alexa Media Player - Tweestapsverificatie"
      },
      "user": {
        "data": {
          "cookies_txt": "config::step::user::data::cookies_txt",
          "debug": "Geavanceerd debuggen",
          "email": "E-mailadres",
          "exclude_devices": "Apparaten uitsluiten (Scheiding: komma)",
          "hass_url": "Url to access Home Assistant",
          "include_devices": "Apparaten toevoegen (Scheiding: komma)",
          "oauth_login": "Enable oauth-token app method",
          "otp_secret": "Built-in 2FA App Key (automatically generate 2FA Codes)",
          "password": "Paswoord",
          "proxy": "Use Login Proxy method (2FA not required)",
          "scan_interval": "Aantal seconden tussen scans",
          "securitycode": "2FA Code (recommended to avoid login issues)",
          "url": "Domeinnaam van Amazon regio (bv.amazon.co.uk)"
        },
        "description": "Vul je gegevens in a.u.b.",
        "title": "Alexa Media Player - Configuratie"
      },
      "user_legacy": {
        "data": {
          "cookies_txt": "config::step::user::data::cookies_txt",
          "debug": "Geavanceerd debuggen",
          "email": "E-mailadres",
          "exclude_devices": "Apparaten uitsluiten (Scheiding: komma)",
          "include_devices": "Apparaten toevoegen (Scheiding: komma)",
          "oauth_login": "Enable oauth-token app method",
          "otp_secret": "Built-in 2FA App Key (automatically generate 2FA Codes)",
          "password": "Paswoord",
          "proxy": "Use Login Proxy method (2FA not required)",
          "scan_interval": "Aantal seconden tussen scans",
          "securitycode": "2FA Code (recommended to avoid login issues)",
          "url": "Domeinnaam van Amazon regio (bv.amazon.co.uk)"
        },
        "description": "Please enter your [information](https://github.com/custom-components/alexa_media_player/wiki/Configuration#integrations-page). **[Cookie import](https://github.com/custom-components/alexa_media_player/wiki/Configuration#cookie-import) may be easiest!**   \n**WARNING: Amazon incorrectly reports 'Enter a valid email or mobile number' when [2FA Code is required](https://github.com/custom-components/alexa_media_player/wiki/Configuration#enable-two-factor-authentication-for-your-amazon-account).**  \n>{message}",
        "title": "Alexa Media Player - Legacy Configuration"
      }
    }
  },
  "options": {
    "step": {
      "init": {
        "data": {
          "extended_entity_discovery": "Inclusief apparaten die zijn verbonden via Echo",
          "queue_delay": "Seconden om te wachten om opdrachten in de wachtrij te plaatsen"
        }
      }
    }
  }
}
