{
  "intents": [
    {
      "name": "AMAZON.CancelIntent",
      "samples": []
    },
    {
      "name": "AMAZON.HelpIntent",
      "samples": []
    },
    {
      "name": "AMAZON.StopIntent",
      "samples": []
    },
    {
      "name": "GarageDoorIntent",
      "samples": [
        "{OpenClose} garage door"
      ],
      "slots": [
        {
          "name": "OpenClose",
          "type": "OpenClose",
          "samples": []
        }
      ]
    },
    {
      "name": "GetInfofromHASS",
      "samples": [
        "What is the home {SensorType}",
        "What is the {SensorType} at home",
        "What is the {SensorType} level",
        "What are the {SensorType} levels",
        "what is the {SensorType} level at home",
        "what are the {SensorType} levels at home",
        "how is the {SensorType}",
        "how's the {SensorType}"
      ],
      "slots": [
        {
          "name": "SensorType",
          "type": "SensorType",
          "samples": []
        }
      ]
    },
    {
      "name": "LocateIntent",
      "samples": [
        "Where is {User}",
        "Where's {User}",
        "Where {User} is",
        "Where did {User} go"
      ],
      "slots": [
        {
          "name": "User",
          "type": "Names",
          "samples": []
        }
      ]
    },
    {
      "name": "PlayRadioIntent",
      "samples": [
        "play {Station}",
        "play {Station} songs",
        "play {Station} on Sonos"
      ],
      "slots": [
        {
          "name": "Station",
          "type": "Stations",
          "samples": []
        }
      ]
    },
    {
      "name": "RunScriptIntent",
      "samples": [
        "run {Script}"
      ],
      "slots": [
        {
          "name": "Script",
          "type": "Scripts",
          "samples": []
        }
      ]
    },
    {
      "name": "TurnDeviceIntent",
      "samples": [
        "Turn {OnOff} {Devices}",
        "Turn {Devices} {OnOff}"
      ],
      "slots": [
        {
          "name": "OnOff",
          "type": "OnOff",
          "samples": []
        },
        {
          "name": "Devices",
          "type": "Devices",
          "samples": []
        }
      ]
    },
    {
      "name": "TurnLights",
      "samples": [
        "Turn {Room} lights {OnOff}"
      ],
      "slots": [
        {
          "name": "Room",
          "type": "Room",
          "samples": []
        },
        {
          "name": "OnOff",
          "type": "OnOff",
          "samples": []
        }
      ]
    },
    {
      "name": "WhereAreWeIntent",
      "samples": [
        "where we are"
      ],
      "slots": []
    }
  ],
  "types": [
    {
      "name": "Devices",
      "values": [
        {
          "id": null,
          "name": {
            "value": "Television",
            "synonyms": [
              "TV"
            ]
          }
        },
        {
          "id": null,
          "name": {
            "value": "Plex",
            "synonyms": []
          }
        },
        {
          "id": null,
          "name": {
            "value": "Shield",
            "synonyms": [
              "Nvidia Shield",
              "Kodi"
            ]
          }
        },
        {
          "id": null,
          "name": {
            "value": "Apple TV",
            "synonyms": []
          }
        },
        {
          "id": null,
          "name": {
            "value": "Amazon Fire",
            "synonyms": [
              "Fire TV",
              "Amazon Fire TV"
            ]
          }
        }
      ]
    },
    {
      "name": "Names",
      "values": [
        {
          "id": null,
          "name": {
            "value": "Rashmi",
            "synonyms": []
          }
        },
        {
          "id": null,
          "name": {
            "value": "Alok",
            "synonyms": []
          }
        },
        {
          "id": null,
          "name": {
            "value": "Arnav",
            "synonyms": []
          }
        },
        {
          "id": null,
          "name": {
            "value": "Rishaan",
            "synonyms": []
          }
        }
      ]
    },
    {
      "name": "OnOff",
      "values": [
        {
          "id": null,
          "name": {
            "value": "On",
            "synonyms": []
          }
        },
        {
          "id": null,
          "name": {
            "value": "Off",
            "synonyms": []
          }
        }
      ]
    },
    {
      "name": "OpenClose",
      "values": [
        {
          "id": null,
          "name": {
            "value": "Open",
            "synonyms": []
          }
        },
        {
          "id": null,
          "name": {
            "value": "Close",
            "synonyms": []
          }
        }
      ]
    },
    {
      "name": "Room",
      "values": [
        {
          "id": null,
          "name": {
            "value": "Driveway",
            "synonyms": []
          }
        },
        {
          "id": null,
          "name": {
            "value": "Kitchen",
            "synonyms": []
          }
        },
        {
          "id": null,
          "name": {
            "value": "Living Room",
            "synonyms": []
          }
        },
        {
          "id": null,
          "name": {
            "value": "Porch",
            "synonyms": []
          }
        }
      ]
    },
    {
      "name": "Scripts",
      "values": [
        {
          "id": null,
          "name": {
            "value": "arm security",
            "synonyms": []
          }
        },
        {
          "id": null,
          "name": {
            "value": "disarm security",
            "synonyms": []
          }
        }
      ]
    },
    {
      "name": "SensorType",
      "values": [
        {
          "id": null,
          "name": {
            "value": "Temperature",
            "synonyms": []
          }
        },
        {
          "id": null,
          "name": {
            "value": "Humidity",
            "synonyms": []
          }
        },
        {
          "id": null,
          "name": {
            "value": "Traffic",
            "synonyms": []
          }
        },
        {
          "id": null,
          "name": {
            "value": "Commute",
            "synonyms": []
          }
        }
      ]
    },
    {
      "name": "Stations",
      "values": [
        {
          "id": null,
          "name": {
            "value": "Golden Oldies",
            "synonyms": []
          }
        },
        {
          "id": null,
          "name": {
            "value": "Party",
            "synonyms": []
          }
        },
        {
          "id": null,
          "name": {
            "value": "Chartbusters",
            "synonyms": []
          }
        },
        {
          "id": null,
          "name": {
            "value": "Flashback",
            "synonyms": []
          }
        },
        {
          "id": null,
          "name": {
            "value": "Bollywood Instrumental",
            "synonyms": []
          }
        },
        {
          "id": null,
          "name": {
            "value": "Bollywood Radio and Beyond",
            "synonyms": []
          }
        },
        {
          "id": null,
          "name": {
            "value": "NPR",
            "synonyms": []
          }
        },
        {
          "id": null,
          "name": {
            "value": "WABE News",
            "synonyms": []
          }
        },
        {
          "id": null,
          "name": {
            "value": "WABE",
            "synonyms": []
          }
        }
      ]
    }
  ]
}
